Thứ hạng,Tên chiến dịch,Tăng trong kỳ,Lũy kế cuối kỳ,Lượt xem đầu kỳ,Số link,Số ngày có dữ liệu,Từ ngày,Đến ngày
1,Phú Túc,12656,12656,0,1,16,2026-09-18,2026-10-03
2,Đảng ủy Công an tỉnh,11021,11021,0,1,16,2026-09-18,2026-10-03
3,Quy Nhơn,8465,8465,0,1,16,2026-09-18,2026-10-03
4,Đảng ủy Quân sự tỉnh,6370,6370,0,1,16,2026-09-18,2026-10-03
5,Cửu An,4584,4584,0,1,16,2026-09-18,2026-10-03
6,Đak Đoa,4398,4398,0,1,16,2026-09-18,2026-10-03
7,Hội Phú,4102,4102,0,1,16,2026-09-18,2026-10-03
8,Pleiku,3960,3970,10,1,16,2026-09-18,2026-10-03
9,Chư Prông,3209,3209,0,1,16,2026-09-18,2026-10-03
10,Ia Pa,3102,3102,0,1,16,2026-09-18,2026-10-03
11,An Nhơn,2670,2670,0,1,16,2026-09-18,2026-10-03
12,An Khê,2639,2639,0,1,16,2026-09-18,2026-10-03
13,An Nhơn Bắc,2223,2223,0,1,16,2026-09-18,2026-10-03
14,Hra,2042,2042,0,1,16,2026-09-18,2026-10-03
15,Ia Tul,2018,2018,0,1,16,2026-09-18,2026-10-03
16,Sró,1740,1740,0,1,16,2026-09-18,2026-10-03
17,Đak Pơ,1567,1567,0,1,16,2026-09-18,2026-10-03
18,Ia Hiao,1554,1554,0,1,16,2026-09-18,2026-10-03
19,Ia Rsai,1431,1431,0,1,16,2026-09-18,2026-10-03
20,Kbang,1430,1430,0,1,16,2026-09-18,2026-10-03
21,Ia Krêl,1408,1408,0,1,16,2026-09-18,2026-10-03
22,Ia Hrú,1311,1311,0,1,16,2026-09-18,2026-10-03
23,An Bình,1278,1278,0,1,16,2026-09-18,2026-10-03
24,Uar,1191,1191,0,1,16,2026-09-18,2026-10-03
25,Kông Bơ La,991,991,0,1,16,2026-09-18,2026-10-03
26,Ia Le,990,990,0,1,16,2026-09-18,2026-10-03
27,Ya Ma,978,978,0,1,16,2026-09-18,2026-10-03
28,Thống Nhất,959,959,0,1,16,2026-09-18,2026-10-03
29,Ia Lâu,946,946,0,1,16,2026-09-18,2026-10-03
30,Ia Grai,919,919,0,1,16,2026-09-18,2026-10-03
31,Ia Púch,889,889,0,1,16,2026-09-18,2026-10-03
32,Quy Nhơn Bắc,888,888,0,1,16,2026-09-18,2026-10-03
33,Tuy Phước Đông,884,884,0,1,16,2026-09-18,2026-10-03
34,Tuy Phước Tây,843,843,0,1,16,2026-09-18,2026-10-03
35,An Nhơn Đông,838,838,0,1,16,2026-09-18,2026-10-03
36,Tơ Tung,833,833,0,1,16,2026-09-18,2026-10-03
37,Ia Mơ,822,822,0,1,16,2026-09-18,2026-10-03
38,Ia Phí,816,816,0,1,16,2026-09-18,2026-10-03
39,Ia Băng,654,654,0,1,16,2026-09-18,2026-10-03
40,Hoài Nhơn,584,584,0,1,16,2026-09-18,2026-10-03
41,Ngô Mây,559,559,0,1,16,2026-09-18,2026-10-03
42,Xuân An,538,538,0,1,16,2026-09-18,2026-10-03
43,Diên Hồng,532,532,0,1,16,2026-09-18,2026-10-03
44,Chư Pưh,480,480,0,1,16,2026-09-18,2026-10-03
45,Ia Sao,475,475,0,1,16,2026-09-18,2026-10-03
46,Phù Mỹ Tây,467,467,0,1,16,2026-09-18,2026-10-03
47,Chư A Thai,455,455,0,1,16,2026-09-18,2026-10-03
48,Ia Dreh,438,438,0,1,16,2026-09-18,2026-10-03
49,Ya Hội,438,438,0,1,16,2026-09-18,2026-10-03
50,Bàu Cạn,405,405,0,1,16,2026-09-18,2026-10-03
51,Vĩnh Quang,398,398,0,1,16,2026-09-18,2026-10-03
52,Ayun Pa,396,396,0,1,16,2026-09-18,2026-10-03
53,Hoài Nhơn Tây,396,396,0,1,16,2026-09-18,2026-10-03
54,Ia Pia,390,390,0,1,16,2026-09-18,2026-10-03
55,Ia O,387,387,0,1,16,2026-09-18,2026-10-03
56,Ia Ko,385,385,0,1,16,2026-09-18,2026-10-03
57,Tam Quan,380,380,0,1,16,2026-09-18,2026-10-03
58,Ia Dơk,375,375,0,1,16,2026-09-18,2026-10-03
59,Ia Tôr,353,353,0,1,16,2026-09-18,2026-10-03
60,Hoài Ân,347,347,0,1,16,2026-09-18,2026-10-03
61,Đảng ủy các cơ quan Đảng tỉnh,307,307,0,1,16,2026-09-18,2026-10-03
62,Hòa Hội,307,307,0,1,16,2026-09-18,2026-10-03
63,Pờ Tó,307,307,0,1,16,2026-09-18,2026-10-03
64,Quy Nhơn Nam,307,307,0,1,16,2026-09-18,2026-10-03
65,Phù Mỹ,294,294,0,1,16,2026-09-18,2026-10-03
66,Vạn Đức,278,278,0,1,16,2026-09-18,2026-10-03
67,Chư Sê,243,243,0,1,16,2026-09-18,2026-10-03
68,An Phú,242,242,0,1,16,2026-09-18,2026-10-03
69,Kdang,242,242,0,1,16,2026-09-18,2026-10-03
70,Quy Nhơn Đông,242,242,0,1,16,2026-09-18,2026-10-03
71,An Nhơn Nam,232,232,0,1,16,2026-09-18,2026-10-03
72,Ia Chia,232,232,0,1,16,2026-09-18,2026-10-03
73,Ia Khươl,219,219,0,1,16,2026-09-18,2026-10-03
74,Hội Sơn,217,217,0,1,16,2026-09-18,2026-10-03
75,Kon Gang,217,217,0,1,16,2026-09-18,2026-10-03
76,Đak Sơmei,209,209,0,1,16,2026-09-18,2026-10-03
77,Ia Hrung,207,207,0,1,16,2026-09-18,2026-10-03
78,An Nhơn Tây,206,206,0,1,16,2026-09-18,2026-10-03
79,Phù Mỹ Đông,206,206,0,1,16,2026-09-18,2026-10-03
80,Hoài Nhơn Nam,189,189,0,1,16,2026-09-18,2026-10-03
81,Chư Krey,187,187,0,1,16,2026-09-18,2026-10-03
82,Vĩnh Thạnh,183,183,0,1,16,2026-09-18,2026-10-03
83,Ayun,180,180,0,1,16,2026-09-18,2026-10-03
84,Phú Thiện,180,180,0,1,16,2026-09-18,2026-10-03
85,Bình Phú,172,172,0,1,16,2026-09-18,2026-10-03
86,Ia Boòng,166,166,0,1,16,2026-09-18,2026-10-03
87,Tuy Phước Bắc,153,153,0,1,16,2026-09-18,2026-10-03
88,Ân Tường,152,152,0,1,16,2026-09-18,2026-10-03
89,Bờ Ngoong,142,142,0,1,16,2026-09-18,2026-10-03
90,Sơn Lang,141,141,0,1,16,2026-09-18,2026-10-03
91,Đăk Song,136,136,0,1,16,2026-09-18,2026-10-03
92,Kim Sơn,132,132,0,1,16,2026-09-18,2026-10-03
93,Ia Krái,129,129,0,1,16,2026-09-18,2026-10-03
94,Bồng Sơn,127,127,0,1,16,2026-09-18,2026-10-03
95,Mang Yang,124,124,0,1,16,2026-09-18,2026-10-03
96,Đak Rong,117,117,0,1,16,2026-09-18,2026-10-03
97,Đức Cơ,116,116,0,1,16,2026-09-18,2026-10-03
98,An Lương,114,114,0,1,16,2026-09-18,2026-10-03
99,Bình Hiệp,109,109,0,1,16,2026-09-18,2026-10-03
100,Ia Pnôn,105,105,0,1,16,2026-09-18,2026-10-03
101,Kông Chro,103,103,0,1,16,2026-09-18,2026-10-03
102,Ia Nan,100,100,0,1,16,2026-09-18,2026-10-03
103,Ia Dom,97,97,0,1,16,2026-09-18,2026-10-03
104,Bình Khê,96,96,0,1,16,2026-09-18,2026-10-03
105,Chư Păh,88,88,0,1,16,2026-09-18,2026-10-03
106,Krong,87,87,0,1,16,2026-09-18,2026-10-03
107,Nhơn Châu,81,81,0,1,16,2026-09-18,2026-10-03
108,An Toàn,80,80,0,1,16,2026-09-18,2026-10-03
109,An Vinh,79,79,0,1,16,2026-09-18,2026-10-03
110,Kon Chiêng,76,76,0,1,16,2026-09-18,2026-10-03
111,Hoài Nhơn Bắc,74,74,0,1,16,2026-09-18,2026-10-03
112,Chơ Long,67,67,0,1,16,2026-09-18,2026-10-03
113,Canh Vinh,65,65,0,1,16,2026-09-18,2026-10-03
114,Vân Canh,58,58,0,1,16,2026-09-18,2026-10-03
115,Ân Hảo,47,47,0,1,16,2026-09-18,2026-10-03
116,Phù Mỹ Bắc,44,44,0,1,16,2026-09-18,2026-10-03
117,Bình An,43,43,0,1,16,2026-09-18,2026-10-03
118,Hoài Nhơn Đông,39,39,0,1,16,2026-09-18,2026-10-03
119,Gào,36,36,0,1,16,2026-09-18,2026-10-03
120,Lơ Pang,36,36,0,1,16,2026-09-18,2026-10-03
121,An Hòa,34,34,0,1,16,2026-09-18,2026-10-03
122,Canh Liên,34,34,0,1,16,2026-09-18,2026-10-03
123,Phù Cát,34,34,0,1,16,2026-09-18,2026-10-03
124,Tuy Phước,34,34,0,1,16,2026-09-18,2026-10-03
125,Vĩnh Sơn,31,31,0,1,16,2026-09-18,2026-10-03
126,An Lão,30,30,0,1,16,2026-09-18,2026-10-03
127,Phù Mỹ Nam,26,26,0,1,16,2026-09-18,2026-10-03
128,Al Bá,21,21,0,1,16,2026-09-18,2026-10-03
129,Ia Ly,19,19,0,1,16,2026-09-18,2026-10-03
130,Bình Định,18,18,0,1,16,2026-09-18,2026-10-03
131,Tây Sơn,18,18,0,1,16,2026-09-18,2026-10-03
132,Quy Nhơn Tây,15,15,0,1,16,2026-09-18,2026-10-03
133,Ia Rbol,12,12,0,1,16,2026-09-18,2026-10-03
134,Cát Tiến,9,9,0,1,16,2026-09-18,2026-10-03
135,Đề Gi,7,7,0,1,16,2026-09-18,2026-10-03
136,Biển Hồ,6,6,0,1,16,2026-09-18,2026-10-03
137,Bình Dương,4,4,0,1,16,2026-09-18,2026-10-03
138,Đảng ủy Uỷ ban nhân dân tỉnh,4,4,0,1,16,2026-09-18,2026-10-03
139,Vĩnh Thịnh,3,3,0,1,16,2026-09-18,2026-10-03